CREATE TABLE  usermaster(USERID VARCHAR(45),USERNAME VARCHAR(45) UNIQUE,ROLEID INT,USERPASSWORD VARCHAR(45),USERSERIALIID SERIAL,USERCATEGORY VARCHAR(45));
INSERT INTO usermaster(USERID,USERNAME,ROLEID,USERPASSWORD,USERCATEGORY)VALUES(201900000001,'admin',1,AES_ENCRYPT('admin','ast'),'A');
CREATE TABLE userrolemaster(ROLEID SERIAL,USERCATEGORY VARCHAR(45),ROLERIGHTS VARCHAR(45),PRIMARY KEY(ROLEID));
CREATE TABLE patientmaster(PATIENTID VARCHAR(45),PATIENTFIRSTNAME VARCHAR(45),PATIENTMIDDLENAME VARCHAR(45),PATIENTLASTNAME VARCHAR(45),PATIENTGENDER VARCHAR(45),PATIENTDATEOFBIRTH DATE,PATIENTBLOODGROUP VARCHAR(45),PATIENTADDRESS1 VARCHAR(45),PATIENTADDRESS2 VARCHAR(45),PATIENTMOBILE1 VARCHAR(45),PATIENTMOBILE2 VARCHAR(45),HOSPITALCODE VARCHAR(45),PATIENTREGISTERDATE DATE,PATIENTSERIALID SERIAL,PATIENTPHOTO LONGTEXT,PATIENTRELATIONNAME VARCHAR(45),PATIENTRELATIONSHIP VARCHAR(45),PATIENTRELATIONID VARCHAR(45),PATIENTMAILID VARCHAR(45),PATIENTUNIQUEID VARCHAR(45),PATIENTAGE INT,PRIMARY KEY(PATIENTID));
CREATE TABLE specialisationmaster(SPECIALISATIONID SERIAL,SPECIALISATIONNAME VARCHAR(45),SPECIALISATIONCODE VARCHAR(45),PRIMARY KEY(SPECIALISATIONID));
CREATE TABLE doctormaster(DOCTORID VARCHAR(45),DOCTORNAME VARCHAR(45),DOCTORCODE VARCHAR(45),DOCTORGENDER VARCHAR(45),DOCTORDATEOFBIRTH VARCHAR(45),DOCTORSPECIALITY VARCHAR(45),DOCTORQUALIFICATION VARCHAR(45),DOCTORADDRESS VARCHAR(45),DOCTORMOBILE1 VARCHAR(45),DOCTORMOBILE2 VARCHAR(45),DOCTORPANAME VARCHAR(45),DOCTORPAMOBILENO VARCHAR(45),HOSPITALCODE VARCHAR(45),DOCTORSPECCODE VARCHAR(45),DOCTORPHOTO LONGTEXT,DOCTORSERIALID SERIAL,TIMEPERPATIENT INTEGER,DOCTORMAILID VARCHAR(45),DOCTORUNIQUEID VARCHAR(45),PRIMARY KEY(DOCTORID));
CREATE TABLE staffmaster(STAFFID VARCHAR(45),STAFFNAME VARCHAR(45),STAFFMOBILE1 VARCHAR(45),STAFFMOBILE2 VARCHAR(45),STAFFADDRESS1 VARCHAR(45),STAFFADDRESS2 VARCHAR(45),STAFFGENDER VARCHAR(45),STAFFDATEOFBIRTH DATE,STAFFMAILID VARCHAR(45),STAFFSERIALID SERIAL,STAFFPHOTO LONGTEXT,STAFFUNIQUEID VARCHAR(45),STAFFQUALIFICATION VARCHAR(45),PRIMARY KEY (STAFFID));
CREATE TABLE appointment(APPOINTMENTID SERIAL,CONSULTINGDOCTORID VARCHAR(45),APPOINTMENTDATE DATE,APPOINTMENTSTARTTIME VARCHAR(45),APPOINTMENTENDTIME VARCHAR(45),PATIENTID VARCHAR(45),TOKENNO VARCHAR(45),APPOINTMENTSTATUS VARCHAR(45),PRIMARY KEY(APPOINTMENTID));
CREATE TABLE allergichistory(ALLERGYID SERIAL,PATIENTID VARCHAR(45),ALLERGYNAME VARCHAR(45),ALLERGYDESCRIPTION VARCHAR(45));
CREATE TABLE diagnosismaster(DIAGNOSISID SERIAL,DIAGNOSISNAME VARCHAR(45) UNIQUE,DIAGNOSISCODE VARCHAR(45) UNIQUE,PRIMARY KEY(DIAGNOSISID));
CREATE TABLE  diseasemaster(DISEASEID SERIAL,DISEASENAME VARCHAR(45) UNIQUE,DISEASECODE VARCHAR(45) UNIQUE,PRIMARY KEY(DISEASEID));
CREATE TABLE  drugmaster(DRUGID SERIAL,DRUGNAME TEXT,GENERICID INT,DRUGTYPEID INT,DRUGCODE VARCHAR(45),GENERICNAME VARCHAR(45),PRIMARY KEY(DRUGID));
CREATE TABLE  drugtypemaster(DRUGTYPEID SERIAL,DRUGTYPENAME VARCHAR(45) UNIQUE,DRUGTYPECODE VARCHAR(45) UNIQUE,PRIMARY KEY(DRUGTYPEID));
CREATE TABLE  familyhistory(FHSERIALID SERIAL,PATIENTID VARCHAR(45),RELATIONNAME VARCHAR(45),RELATIONSHIP VARCHAR(45),AGE VARCHAR(45),PRIMARY KEY(FHSERIALID));
CREATE TABLE  findingsmaster(FINDINGSID SERIAL,FINDINGSNAME VARCHAR(45) UNIQUE,FINDINGSCODE VARCHAR(45) UNIQUE,PRIMARY KEY(FINDINGSID));
CREATE TABLE  investigationmaster(INVESTIGATIONID SERIAL,INVESTIGATIONNAME VARCHAR(45) UNIQUE,INVESTIGATIONDURATION VARCHAR(45),INVESTIGATIONCODE VARCHAR(45) UNIQUE,PRIMARY KEY(INVESTIGATIONID));
CREATE TABLE  genericmaster(GENERICID SERIAL,GENERICNAME TEXT,GENERICCODE VARCHAR(45),PRIMARY KEY(GENERICID));
CREATE TABLE  complaintsmaster(COMPLAINTSID SERIAL,COMPLAINTSNAME VARCHAR(45) UNIQUE,COMPLAINTSCODE VARCHAR(45) UNIQUE,PRIMARY KEY(COMPLAINTSID));
CREATE TABLE  notesmaster(NOTESID SERIAL,NOTESNAME VARCHAR(45) UNIQUE,NOTESCODE VARCHAR(45) UNIQUE,PRIMARY KEY(NOTESID));
CREATE TABLE  prescriptionmaster(PRESCRIPTIONID SERIAL,PRESCRIPTIONNO VARCHAR(45),PATIENTID VARCHAR(45),DOCTORID VARCHAR(45),CONSULTINGDATE DATE,NEXTREVIEWDATE DATE,AGE INTEGER,BILLID INT,PRIMARY KEY(PRESCRIPTIONID));
CREATE TABLE  patientcomplaints(PRESCRIPTIONNO VARCHAR(45),PATIENTID VARCHAR(45),COMPLAINTSID SERIAL,COMPLAINTSDURATION VARCHAR(45),COMPLAINTSDESCRIPTION VARCHAR(45),COMPLAINTSTYPE VARCHAR(45));
CREATE TABLE  patientdiagnosis(PRESCRIPTIONNO VARCHAR(45),PATIENTID VARCHAR(45),DIAGNOSISSERIALID SERIAL,DIAGNOSISDESCRIPTION VARCHAR(45),DIAGNOSISID INTEGER);
CREATE TABLE  patientfindings(PRESCRIPTIONNO VARCHAR(45),PATIENTID VARCHAR(45),FINDINGSERIALSID SERIAL,FINDINGSID INTEGER,FINDINGSDESCRIPTION VARCHAR(45));
CREATE TABLE  patientinvestigation(PRESCRIPTIONNO VARCHAR(45),PATIENTID VARCHAR(45),INVESTIGATIONSERIALID SERIAL,INVESTIGATIONID INTEGER,RESULTS VARCHAR(45),INVESTIGATIONIMAGE VARCHAR(45),INVESTIGATIONDATE DATE,INVESTIGATIONFILE VARCHAR(45),INVESTIGATIONFILENAME VARCHAR(45));
CREATE TABLE  patientnotes(PRESCRIPTIONNO VARCHAR(45),PATIENTID VARCHAR(45),NOTESSERIALID SERIAL,NOTESID INTEGER,NOTESDESCRIPTION VARCHAR(45),NOTESNAME VARCHAR(45));
CREATE TABLE  prescriptiondrug(PATIENTID VARCHAR(45),PRESCRIPTIONNO VARCHAR(45),PRESCRIPTIONDRUGID SERIAL,DRUGID INTEGER,DOSAGE INTEGER,DURATION INTEGER,QUANTITY INTEGER,MORNING VARCHAR(45),AFTERNOON VARCHAR(45),EVENING VARCHAR(45),NIGHT VARCHAR(45),TT_TYPE VARCHAR(45),INTAKE VARCHAR(45),NEXTREVIEWDATE DATE,DRUGNAME VARCHAR(45),GENERICID INT,GENERICNAME LONGTEXT);
CREATE TABLE  surgicalhistory(SURGERYID SERIAL,PATIENTID VARCHAR(45),SURGERYNAME VARCHAR(45),SURGERYDATE DATE,SURGERYDESCRIPTION VARCHAR(45));
CREATE TABLE  vitalinformation(VITALINFOID SERIAL,PATIENTID VARCHAR(45),BP VARCHAR(45),HEIGHT INTEGER,WEIGHT NUMERIC,BMI NUMERIC,WC INTEGER,TEMPERATURE NUMERIC,PULSE NUMERIC,DIA NUMERIC,SYS NUMERIC,DOA NUMERIC,DOS NUMERIC,VITALINFO_DATE DATE);
CREATE TABLE  reproductivehistory(PATIENTID VARCHAR(45),MATUREDDATE DATE,REGULARPERIODS VARCHAR(45),MENOPAUSEAGE INTEGER,MISCARRIAGETIMES INTEGER,ABORTIONSTIMES INTEGER);
CREATE TABLE patientdisease(PRESCRIPTIONNO VARCHAR(45),PATIENTID VARCHAR(45),DISEASESERIALID SERIAL,DISEASEID INTEGER,DISEASESTARTDATE DATE,DISEASEENDDATE DATE,STATUS VARCHAR(45));
CREATE TABLE socialandpreventivehistory(SOCIALID SERIAL,PATIENTID VARCHAR(45),MARITALSTATUS VARCHAR(45),WORKSTATUS VARCHAR(45),OCCUPATION VARCHAR(45),SMOKING VARCHAR(45),PACKSPERDAY INTEGER,SMOKINGDURATION VARCHAR(45),ALCOHOL VARCHAR(45),DRINKSPERWEEK INTEGER,DRINKSDURATION INTEGER,COFFEEORTEA VARCHAR(45),CUPSPERDAY INTEGER,EXCERCISE VARCHAR(45),HOURSPERDAY INTEGER,SEATBELTS VARCHAR(45),HELMETS VARCHAR(45),TWOWHEELERDRIVINGHOURSPERDAY INTEGER,FOURWHEELERDRIVINGHOURSPERDAY INTEGER);
CREATE TABLE fileupload(FILEID SERIAL,FILENAME VARCHAR(45),FILEDATA VARCHAR(45));
CREATE TABLE billheadmaster(FEEHEADID SERIAL, FEEHEAD VARCHAR(45) UNIQUE,CGST NUMERIC, SGST NUMERIC,PRIMARY KEY(FEEHEADID));
INSERT INTO billheadmaster(FEEHEADID,FEEHEAD,CGST,SGST)VALUES(1,'ConsultingFee',0,0);
CREATE TABLE billmaster(BILLSERIALID SERIAL,BILLNO VARCHAR(45),PATIENTID VARCHAR(45),BILLSTATUS VARCHAR(45),MODIFIEDUSERID VARCHAR(45),BILLDATE DATE,MODIFIEDTIME VARCHAR(45),TOTALAMOUNT NUMERIC,SGST NUMERIC,CGST NUMERIC,NETAMOUNT NUMERIC,REASON VARCHAR(45),PATIENTNAME VARCHAR(70),MOBILENO VARCHAR(20),DOCTORNAME VARCHAR(70),PRESCRIPTIONNO VARCHAR(45),DOCTORID VARCHAR(45),BILLINGSTATUS VARCHAR(45),AGE INT,GENDER VARCHAR(45),PRIMARY KEY(BILLNO));
CREATE TABLE billmasterhistory(BILLSERIALID SERIAL,BILLNO VARCHAR(45),PATIENTID VARCHAR(45),BILLSTATUS VARCHAR(45),MODIFIEDUSERID VARCHAR(45),BILLDATE DATE,MODIFIEDTIME VARCHAR(45),TOTALAMOUNT NUMERIC,SGST NUMERIC,CGST NUMERIC,NETAMOUNT NUMERIC,REASON VARCHAR(45),PATIENTNAME VARCHAR(70),MOBILENO VARCHAR(20),DOCTORNAME VARCHAR(70),PRESCRIPTIONNO VARCHAR(45),DOCTORID VARCHAR(45));
CREATE TABLE billdetail(BILLDETAILID SERIAL,DOCTORID VARCHAR(45),BILLNO VARCHAR(45),FEEID INTEGER,AMOUNT NUMERIC,CGSTPERCENTAGE NUMERIC,CGSTAMOUNT NUMERIC,SGSTPERCENTAGE NUMERIC,SGSTAMOUNT NUMERIC, GSTAMOUNT NUMERIC, NETAMOUNT NUMERIC,TESTID INT,BILLSERIALID INT,TESTMASTERNAME VARCHAR(50),PRIMARY KEY(BILLDETAILID));
CREATE TABLE billdetailhistory(BILLDETAILID SERIAL,DOCTORID VARCHAR(45),BILLSERIALID INTEGER,BILLNO VARCHAR(45),FEEID INTEGER,AMOUNT NUMERIC,CGSTPERCENTAGE NUMERIC,CGSTAMOUNT NUMERIC,SGSTPERCENTAGE NUMERIC,SGSTAMOUNT NUMERIC, GSTAMOUNT NUMERIC, NETAMOUNT NUMERIC,TESTID INT,TESTMASTERNAME VARCHAR(45));
CREATE TABLE smsmaster(SMSID SERIAL,SMSNAME VARCHAR(45), CREATEDATE DATE, SMSCONTENT VARCHAR(45), REPEATMODE VARCHAR(45), SENDTIME VARCHAR(45),SENDDATE DATE,NEXTSMSDATE DATE, REPEATCATEGORY VARCHAR(45), SMSSTATUS INTEGER, SMSTYPE VARCHAR(45),PATIENTSELECTIONSTATUS INTEGER, DOCTORSELECTIONSTATUS INTEGER, STAFFSELECTIONSTATUS INTEGER ,PRIMARY KEY(SMSID));
CREATE TABLE smschild(SERIALID SERIAL,SMSMASTERID INTEGER, MOBILENO VARCHAR(45), USERID VARCHAR(45),USERNAME VARCHAR(45),USERCATEGORY VARCHAR(45),PRIMARY KEY(SERIALID));
CREATE TABLE smssetting(SETTINGID SERIAL, SMSNAME VARCHAR(45), SMSPASSWORD VARCHAR(45), SMSURL VARCHAR(45), APIKEY VARCHAR(45), SMSTO VARCHAR(45),SMSSENDER VARCHAR(45), MESSAGE VARCHAR(45),PRIMARY KEY(SETTINGID));
INSERT INTO smssetting(SMSNAME,SMSPASSWORD,SMSURL,APIKEY,SMSTO,SMSSENDER,MESSAGE)VALUES('','','http://hpsms.dial4sms.com/api/web2sms.php','Ad7c35f5c147ae04c43e71ba210bba8d2','','ANNASW','');
CREATE TABLE dailysmssetting(DAILYSMSID SERIAL,DAILYSMSNAME VARCHAR(45),SMSTIME VARCHAR(45),STATUS INT,PRIMARY KEY(DAILYSMSID));
INSERT INTO dailysmssetting(DAILYSMSID,DAILYSMSNAME,SMSTIME,STATUS)VALUES(1,'PrescriptionNextVisit','9:00 AM',0);
INSERT INTO dailysmssetting(DAILYSMSID,DAILYSMSNAME,SMSTIME,STATUS)VALUES(2,'HappyBirthday','9:00 AM',0);
CREATE TABLE LABTESTGROUP(TESTGROUPID SERIAL,TESTGROUP VARCHAR(50),PRIMARY KEY(TESTGROUPID));
CREATE TABLE LABTESTMASTER(TESTMASTERID SERIAL,TESTMASTERNAME VARCHAR(50),TESTGROUPID BIGINT(20) UNSIGNED NOT NULL,AMOUNT DECIMAL(12,2),PRIMARY KEY(TESTMASTERID),CONSTRAINT `FK_labtestmaster_1` FOREIGN KEY `FK_labtestmaster_1` (TESTGROUPID) REFERENCES LABTESTGROUP(TESTGROUPID) ON DELETE RESTRICT ON UPDATE RESTRICT);
CREATE TABLE LABTESTNORMAL(TESTNORMALID SERIAL,TESTMASTERID BIGINT(20) UNSIGNED NOT NULL,TESTMASTERNAME VARCHAR(50),TESTGROUPID BIGINT(20) UNSIGNED NOT NULL,UNIT VARCHAR(30),VALUETYPE VARCHAR(45),ACCURATEVALUE DECIMAL(12,2),`MINVALUE` DECIMAL(12,2),`MAXVALUE` DECIMAL(12,2),DETAILSTATUS VARCHAR(45),TESTNORMALNAME VARCHAR(50),USERDEFINED VARCHAR(50),PRIMARY KEY(TESTNORMALID),CONSTRAINT `FK_labtestnormal_1` FOREIGN KEY `FK_labtestnormal_1` (TESTGROUPID) REFERENCES LABTESTGROUP(TESTGROUPID) ON DELETE RESTRICT ON UPDATE RESTRICT,CONSTRAINT `FK_labtestnormal_2` FOREIGN KEY `FK_labtestnormal_2` (TESTMASTERID) REFERENCES LABTESTMASTER(TESTMASTERID) ON DELETE RESTRICT ON UPDATE RESTRICT);
CREATE TABLE LABTESTNORMALDETAILS (TESTNORMALDETAILSID SERIAL,TESTNORMALID INT,TESTID INT,TESTNAME VARCHAR(50),TESTGROUPID INT,UNIT VARCHAR(20),VALUETYPE VARCHAR(45),ACCURATEVALUE DECIMAL(12,2),`MINVALUE` DECIMAL(12,2),`MAXVALUE` DECIMAL(12,2),USERDEFINED VARCHAR(50),PRIMARY KEY(TESTNORMALDETAILSID));
CREATE TABLE LABTESTASSIGN(LABTESTID SERIAL,TESTMASTERNAME VARCHAR(50),TESTMASTERID BIGINT(20) UNSIGNED NOT NULL,PRIMARY KEY(LABTESTID),CONSTRAINT `FK_labtestassign_1` FOREIGN KEY `FK_labtestassign_1` (TESTMASTERID) REFERENCES LABTESTMASTER(TESTMASTERID) ON DELETE RESTRICT ON UPDATE RESTRICT);
CREATE TABLE LABTESTASSIGNDETAILS(LABTESTDETAILSID SERIAL,LABTESTID INT,TESTID INTEGER,TESTNAME VARCHAR(50),TESTGROUPID INT,PRIORITY INT,PRIMARY KEY(LABTESTDETAILSID));
CREATE TABLE LABREPORT(REPORTID SERIAL,REPORTNO VARCHAR(50),PATIENTNO VARCHAR(50),PATIENTNAME VARCHAR(50),BALANCE DECIMAL(12,2),ISSUEDATE DATE);
CREATE TABLE LABTESTREPORTENTRY(TESTREPORTENTRYID SERIAL,REPORTNO VARCHAR(50),REPORTDATE DATE,DOCTORID VARCHAR(50),DOCTORNAME VARCHAR(50),PATIENTID VARCHAR(50),PATIENTFIRSTNAME VARCHAR(50),FINALTOTAMOUNT DECIMAL(12,2),FINALDISCOUNTPERCENT DECIMAL(12,2),PAIDAMOUNT DECIMAL(12,2),NETAMOUNT DECIMAL(12,2),BALANCE DECIMAL(12,2),FINALDISOUNTAMOUNT DECIMAL(12,2),STATUS VARCHAR(45),ISSUEDATE DATE,PRIMARY KEY(TESTREPORTENTRYID));
CREATE TABLE LABTESTREPORTENTRYDETAILS(TESTREPORTENTRYDETAILSID SERIAL,TESTREPORTENTRYID INT,TESTMASTERID BIGINT(20) UNSIGNED NOT NULL,TESTMASTERNAME VARCHAR(50),TESTGROUPID INT,AMOUNT DECIMAL(12,2),DISCOUNTPERCENT DECIMAL(5,3),DISCOUNTAMOUNT DECIMAL(12,2),TOTAMOUNT DECIMAL(12,2),PRIMARY KEY(TESTREPORTENTRYDETAILSID),CONSTRAINT `FK_labtestreport_1` FOREIGN KEY `FK_labtestreport_1` (TESTMASTERID) REFERENCES LABTESTMASTER(TESTMASTERID) ON DELETE RESTRICT ON UPDATE RESTRICT);
CREATE TABLE LABTESTRESULTENTRY(TESTRESULTID SERIAL,REPORTNO VARCHAR(50),REPORTDATE DATE,PATIENTNAME VARCHAR(50),INDICATIONS VARCHAR(45),PRIMARY KEY (TESTRESULTID));
CREATE TABLE LABTESTRESULTENTRYDETAILS(TESTRESULTDETAILSID SERIAL,TESTRESULTID INT,TESTMASTERID INT,TESTMASTERNAME VARCHAR(50),TESTTYPEID INT,TESTTYPENAME VARCHAR(50),TESTTYPEDETAILSID INT,TESTTYPEDETAILS VARCHAR(50),RESULT VARCHAR(100),NORMALVALUE VARCHAR(100),PRIMARY KEY(TESTRESULTDETAILSID));
CREATE TABLE TestMaster(TESTMASTERID SERIAL,TESTMASTERNAME VARCHAR(60),PRESCRIPTIONFLAG VARCHAR(45),AMOUNT DECIMAL(12,2),INOUTFLAG VARCHAR(45),ORDERNO INT,PRIMARY KEY(TESTMASTERID));
INSERT INTO TestMaster(TESTMASTERNAME,PRESCRIPTIONFLAG,AMOUNT,INOUTFLAG) VALUES ('CONSULTATION','TRUE',100,'OUT'),('ULTRASONIC','TRUE',0,'OUT'),('DOPPLER','TRUE',0,'OUT'),('ECHO','TRUE',0,'OUT'),('ECG','TRUE',0,'OUT'),('TMT','TRUE',0,'OUT'),('BLOODTEST','TRUE',0,'OUT');
CREATE TABLE DoctorTestMaster(DOCTORTESTID SERIAL,DOCTORID VARCHAR(50),TESTMASTERID INT,TESTMASTERNAME VARCHAR(50),AMOUNT DECIMAL(12,2),PRIMARY KEY(DOCTORTESTID));
CREATE TABLE PatientTest(PATIENTTESTID SERIAL,PATIENTID VARCHAR(50),DOCTORID VARCHAR(50),TESTMASTERID INT,STATUS BOOLEAN,PRESCRIPTIONNO VARCHAR(50),PRIMARY KEY(PATIENTTESTID));
CREATE TABLE HeadingMaster(HEADINGMASTERID SERIAL,HEADINGMASTERNAME VARCHAR(70),ORDERNO INT,PRIMARY KEY(HEADINGMASTERID));
CREATE TABLE ContentMaster(CONTENTMASTERID SERIAL,HEADINGMASTERID INT,DISEASEID INT, DESCRIPTION TEXT,PRIMARY KEY(CONTENTMASTERID));
CREATE TABLE PatientDischargeSummary(PATIENTDISCHARGEID SERIAL,PATIENTID VARCHAR(50),PATIENTNAME VARCHAR(50),PATIENTADDRESS VARCHAR(45),AGE INT,SEX VARCHAR(50),DOA DATE,DOD DATE,WARD VARCHAR(50),OPNO VARCHAR(30),IPNO VARCHAR(30),WEIGHT DECIMAL(5,2),TEMPERATURE INT,PULSE INT,BP VARCHAR(30),BMI DECIMAL(5,2),HEIGHT DECIMAL(5,2),SURGICALTYPEID INT,SURGICALTYPE VARCHAR(70),MOBILENO VARCHAR(45),DOS DATE,PRIMARY KEY(PATIENTDISCHARGEID));
CREATE TABLE PatientDischargeContent(PATIENTCONTENTID SERIAL,PATIENTID VARCHAR(50),HEADINGMASTERID INT,DESCRIPTION TEXT,PATIENTDISCHARGEID INT,ORDERNO INT, PRIMARY KEY(PATIENTCONTENTID));
CREATE TABLE SETTING(SETTINGID SERIAL,PAGESIZE VARCHAR(50),PAGEHEADER BOOLEAN,MARGINLEFT INT,MARGINRIGHT INT,MARGINTOP INT,MARGINBOTTOM INT,DOCTORID VARCHAR(50),PRIMARY KEY(SETTINGID));
INSERT INTO SETTING(SETTINGID,PAGESIZE,PAGEHEADER,MARGINLEFT,MARGINRIGHT,MARGINTOP,MARGINBOTTOM,DOCTORID) VALUES (1,'A4',true,30,30,30,40,201900000001);
INSERT INTO HeadingMaster(HEADINGMASTERID,HEADINGMASTERNAME,ORDERNO) VALUES (1,'CONSULTANT',1),(2,'FINAL DIAGNOSIS',2),(3,'HISTORY',3),(4,'ON EXAMINATION',4),(5,'INVESTIGATION',5),(6,'PROCEDURE/SURGERY',6),(7,'TREATMENT GIVEN',7),(8,'CONDITION AT DISCHARGE',8),(9,'ADVICE AT DISCHARGE',9),(10,'DIET ADVICED',10),(11,'REVIEW',11),(12,'PREPARED BY',12),(13,'VERIFIED BY',13),(14,'BIRTH DETAILS',14);
INSERT INTO ContentMaster(CONTENTMASTERID,HEADINGMASTERID,DESCRIPTION) VALUES (1,1,'None'),(2,2,'None'),(3,3,'None'),(4,4,'None'),(5,5,'None'),(6,6,'None'),(7,7,'None'),(8,8,'None'),(9,9,'None'),(10,10,'None'),(11,11,'None'),(12,12,'None'),(13,13,'None'),(14,14,'None');
CREATE TABLE BirthDetails(BIRTHID SERIAL,CONTENTMASTERID INT,DOB DATE,BIRTHTIME VARCHAR(45),SEX VARCHAR(45),WEIGHT DECIMAL(5,2),BLOODGROUP VARCHAR(45),PRIMARY KEY(BIRTHID));
CREATE TABLE SurgicalType(SURGICALTYPEID SERIAL,SURGICALTYPE VARCHAR(85),PREFIX VARCHAR(20),PRIMARY KEY(SURGICALTYPEID));
INSERT INTO SurgicalType(SURGICALTYPEID,SURGICALTYPE,PREFIX) VALUES (1,'OBSTETRICS AND GYNECOLOGY','OG'),(2,'GENERAL','GS'),(3,'ENT','ENT'),(4,'ORTHO','ORTHO'),(5,'DENTAL','DEN');
INSERT INTO doctormaster (DOCTORID,DOCTORNAME,DOCTORCODE,DOCTORGENDER,DOCTORDATEOFBIRTH ,DOCTORSPECIALITY ,DOCTORQUALIFICATION ,DOCTORADDRESS ,DOCTORMOBILE1) VALUES(201900000001,'ADMIN','','FEMALE','1989-09-29','ADMIN','ADMIN','',9876543212);
INSERT INTO doctortestmaster(DOCTORTESTID,DOCTORID,TESTMASTERID,TESTMASTERNAME,AMOUNT) VALUES (1,'201900000001',1,'CONSULTATION','100.00'),(2,'201900000001',2,'ULTRASONIC','0.00'),(3,'201900000001',3,'DOPPLER','0.00'),(4,'201900000001',4,'ECHO','0.00'),(5,'201900000001',5,'ECG','0.00'),(6,'201900000001',6,'TMT','0.00'),(7,'201900000001',7,'BLOODTEST','0.00');
INSERT INTO TestMaster(TESTMASTERNAME,PRESCRIPTIONFLAG,AMOUNT,INOUTFLAG,ORDERNO) VALUES ('Registration Charges','FALSE',0,'IN',1),('Operation Theatre','FALSE',0,'IN',2),('Anaesthetist','FALSE',0,'IN',3),('Room Rent','FALSE',0,'IN',4),('Services & Establishment','FALSE',0,'IN',5),('Nursing Charges','FALSE',0,'IN',6),('Consultant i','FALSE',0,'IN',7),('Consultant ii','FALSE',0,'IN',8),('Consultant iii','FALSE',0,'IN',9),('Assistant','FALSE',0,'IN',10),('Monitor','FALSE',0,'IN',11),('Nebuliser','FALSE',0,'IN',12),('Oxygen','FALSE',0,'IN',13),('Dressing','FALSE',0,'IN',14),('ECG','FALSE',0,'IN',15),('XRAY','FALSE',0,'IN',16),('Miscellaneous','FALSE',0,'IN',17);